;;;;;;
;Day 1 (Monday):;;;;;
;- Task: Review sales report for Q1 (9:00 am);;;;;
;- Task: Prepare presentation for client meeting (10:30 am);;;;;
;- Call: Conference call with team members to discuss project progress (2:00 pm);;;;;
;;;;;;
;Day 2 (Tuesday):;;;;;
;- Task: Update project budget spreadsheet (9:00 am);;;;;
;- Task: Write memo to team about new company policies (10:30 am);;;;;
;- Call: Phone call with client to discuss project deliverables (2:00 pm);;;;;
;;;;;;
;Day 3 (Wednesday):;;;;;
;- Task: Organize team offsite (9:00 am);;;;;
;- Task: Review and sign off on vendor contracts (10:30 am);;;;;
;- Call: Video conference with senior management to discuss company strategy (2:00 pm);;;;;
;;;;;;
;Day 4 (Thursday):;;;;;
;- Task: Attend training seminar on time management (9:00 am);;;;;
;- Task: Follow up with team members on open action items (10:30 am);;;;;
;- Call: Phone call with vendor to discuss pricing and delivery timeline (2:00 pm);;;;;
;;;;;;
;Day 5 (Friday):;;;;;
;- Task: Review and approve employee time sheets (9:00 am);;;;;
;- Task: Write performance review for team member (10:30 am);;;;;
;- Call: Conference call with cross-functional team to discuss project risks (2:00 pm);;;;;
;;;;;;
;Day 6 (Saturday):;;;;;
;- Task: Plan team outing (9:00 am);;;;;
;- Task: Review and sign off on marketing campaign proposal (10:30 am);;;;;
;- Call: Video conference with client to discuss project scope and timeline (2:00 pm);;;;;
;;;;;;
;Day 7 (Sunday):;;;;;
;- Task: Attend company-wide meeting (9:00 am);;;;;
;- Task: Write email to team about upcoming company goals (10:30 am);;;;;
;- Call: Phone call with HR to discuss employee benefits (2:00 pm);;;;;
;;;;;;
;Day 8 (Monday):;;;;;
;- Task: Review and approve expenses for team member (9:00 am);;;;;
;- Task: Write report on team performance for upper management (10:30 am);;;;;
;- Call: Conference call with cross-functional team to discuss project progress (2:00 pm);;;;;
;;;;;;
;Day 9 (Tuesday):;;;;;
;- Task: Attend industry conference (9:00 am);;;;;
;- Task: Follow up with team members on open action items (10:30 am);;;;;
;- Call: Phone call with vendor to discuss pricing and delivery timeline (2:00 pm);;;;;
;;;;;;
;Day 10 (Wednesday):;;;;;
;- Task: Review and sign off on marketing campaign proposal (9:00 am);;;;;
;- Task: Write email to team about upcoming company goals (10:30 am);;;;;
;- Call: Video conference with senior management to discuss company strategy (2:00 pm);;;;;